- id: city_yotsukaido_jp
  name: Yotsukaido
  country: Japan
  latitude_deg: 35.6698
  longitude_deg: 140.1679
  altitude_m: 0.0
  population: 93233.0
- id: city_saparua_id
  name: Saparua
  country: Indonesia
  latitude_deg: -3.5749
  longitude_deg: 128.647
  altitude_m: 0.0
  population: 34460.0
- id: city_shiyali_in
  name: Shiyali
  country: India
  latitude_deg: 11.2391
  longitude_deg: 79.7357
  altitude_m: 0.0
  population: 34927.0
- id: city_catende_br
  name: Catende
  country: Brazil
  latitude_deg: -8.6669
  longitude_deg: -35.7169
  altitude_m: 0.0
  population: 32156.0
- id: city_san_andres_tuxtla_mx
  name: San Andres Tuxtla
  country: Mexico
  latitude_deg: 18.4483
  longitude_deg: -95.2122
  altitude_m: 0.0
  population: 162428.0
