- id: city_tchaourou_bj
  name: Tchaourou
  country: Benin
  latitude_deg: 8.8833
  longitude_deg: 2.6
  altitude_m: 0.0
  population: 221108.0
- id: city_corumba_br
  name: Corumba
  country: Brazil
  latitude_deg: -19.0089
  longitude_deg: -57.6528
  altitude_m: 0.0
  population: 96268.0
- id: city_zhob_pk
  name: Zhob
  country: Pakistan
  latitude_deg: 31.3417
  longitude_deg: 69.4486
  altitude_m: 0.0
  population: 46164.0
- id: city_messamena_cm
  name: Messamena
  country: Cameroon
  latitude_deg: 3.7333
  longitude_deg: 12.8333
  altitude_m: 0.0
  population: 32282.0
- id: city_elkridge_us
  name: Elkridge
  country: United States
  latitude_deg: 39.1941
  longitude_deg: -76.7428
  altitude_m: 0.0
  population: 26183.0
- id: city_moron_de_la_frontera_es
  name: Moron de la Frontera
  country: Spain
  latitude_deg: 37.1222
  longitude_deg: -5.4517
  altitude_m: 0.0
  population: 27228.0
- id: city_valdivia_cl
  name: Valdivia
  country: Chile
  latitude_deg: -39.8139
  longitude_deg: -73.2458
  altitude_m: 0.0
  population: 150048.0
- id: city_ciudad_apodaca_mx
  name: Ciudad Apodaca
  country: Mexico
  latitude_deg: 25.7817
  longitude_deg: -100.1886
  altitude_m: 0.0
  population: 523370.0
- id: city_mary_tm
  name: Mary
  country: Turkmenistan
  latitude_deg: 37.6069
  longitude_deg: 61.8344
  altitude_m: 0.0
  population: 167027.0
- id: city_dongola_sd
  name: Dongola
  country: Sudan
  latitude_deg: 19.1769
  longitude_deg: 30.4839
  altitude_m: 0.0
  population: 56167.0
- id: city_chambly_ca
  name: Chambly
  country: Canada
  latitude_deg: 45.4311
  longitude_deg: -73.2873
  altitude_m: 0.0
  population: 31444.0
- id: city_pishin_pk
  name: Pishin
  country: Pakistan
  latitude_deg: 30.5848
  longitude_deg: 66.9948
  altitude_m: 0.0
  population: 107646.0
