- id: city_qincheng_cn
  name: Qincheng
  country: China
  latitude_deg: 34.5815
  longitude_deg: 105.7248
  altitude_m: 0.0
  population: 2984659.0
- id: city_danzao_cn
  name: Danzao
  country: China
  latitude_deg: 23.0427
  longitude_deg: 112.9145
  altitude_m: 0.0
  population: 154955.0
- id: city_northcote_nz
  name: Northcote
  country: New Zealand
  latitude_deg: -36.8019
  longitude_deg: 174.7494
  altitude_m: 0.0
  population: 205605.0
- id: city_rantepao_id
  name: Rantepao
  country: Indonesia
  latitude_deg: -2.969
  longitude_deg: 119.9
  altitude_m: 0.0
  population: 43123.0
- id: city_tivoli_it
  name: Tivoli
  country: Italy
  latitude_deg: 41.9667
  longitude_deg: 12.8
  altitude_m: 0.0
  population: 54916.0
- id: city_agia_varvara_gr
  name: Agia Varvara
  country: Greece
  latitude_deg: 38.0
  longitude_deg: 23.65
  altitude_m: 0.0
  population: 26759.0
- id: city_lajedo_br
  name: Lajedo
  country: Brazil
  latitude_deg: -8.6639
  longitude_deg: -36.32
  altitude_m: 0.0
  population: 32209.0
- id: city_baradero_ar
  name: Baradero
  country: Argentina
  latitude_deg: -33.8
  longitude_deg: -59.5167
  altitude_m: 0.0
  population: 28537.0
- id: city_santa_barbara_us
  name: Santa Barbara
  country: United States
  latitude_deg: 34.4285
  longitude_deg: -119.7202
  altitude_m: 0.0
  population: 194950.0
- id: city_campbell_us
  name: Campbell
  country: United States
  latitude_deg: 37.2802
  longitude_deg: -121.9539
  altitude_m: 0.0
  population: 42848.0
- id: city_jerez_gt
  name: Jerez
  country: Guatemala
  latitude_deg: 14.1
  longitude_deg: -89.75
  altitude_m: 0.0
  population: 31601.0
- id: city_tucker_us
  name: Tucker
  country: United States
  latitude_deg: 33.8436
  longitude_deg: -84.2024
  altitude_m: 0.0
  population: 37022.0
- id: city_orenburg_ru
  name: Orenburg
  country: Russia
  latitude_deg: 51.7833
  longitude_deg: 55.1
  altitude_m: 0.0
  population: 536862.0
- id: city_koprivnica_hr
  name: Koprivnica
  country: Croatia
  latitude_deg: 46.15
  longitude_deg: 16.8167
  altitude_m: 0.0
  population: 28580.0
- id: city_manono_cd
  name: Manono
  country: Congo (Kinshasa)
  latitude_deg: -7.2947
  longitude_deg: 27.4545
  altitude_m: 0.0
  population: 46111.0
- id: city_ceres_za
  name: Ceres
  country: South Africa
  latitude_deg: -33.3667
  longitude_deg: 19.3167
  altitude_m: 0.0
  population: 33224.0
- id: city_mitcham_gb
  name: Mitcham
  country: United Kingdom
  latitude_deg: 51.4009
  longitude_deg: -0.1517
  altitude_m: 0.0
  population: 63393.0
- id: city_kopavogur_is
  name: Kopavogur
  country: Iceland
  latitude_deg: 64.1108
  longitude_deg: -21.9094
  altitude_m: 0.0
  population: 39810.0
- id: city_e_erguna_cn
  name: E'erguna
  country: China
  latitude_deg: 50.243
  longitude_deg: 120.181
  altitude_m: 0.0
  population: 68482.0
- id: city_arvayheer_mn
  name: Arvayheer
  country: Mongolia
  latitude_deg: 46.2689
  longitude_deg: 102.7575
  altitude_m: 0.0
  population: 30000.0
- id: city_graham_us
  name: Graham
  country: United States
  latitude_deg: 47.0322
  longitude_deg: -122.2827
  altitude_m: 0.0
  population: 35090.0
- id: city_issaquah_us
  name: Issaquah
  country: United States
  latitude_deg: 47.5439
  longitude_deg: -122.0471
  altitude_m: 0.0
  population: 39472.0
- id: city_punta_arenas_cl
  name: Punta Arenas
  country: Chile
  latitude_deg: -53.1667
  longitude_deg: -70.9333
  altitude_m: 0.0
  population: 123403.0
- id: city_comodoro_rivadavia_ar
  name: Comodoro Rivadavia
  country: Argentina
  latitude_deg: -45.8647
  longitude_deg: -67.4808
  altitude_m: 0.0
  population: 201228.0
- id: city_papeete_pf
  name: Papeete
  country: French Polynesia
  latitude_deg: -17.5334
  longitude_deg: -149.5667
  altitude_m: 0.0
  population: 131695.0
- id: city_nuku_alofa_to
  name: Nuku`alofa
  country: Tonga
  latitude_deg: -21.1333
  longitude_deg: -175.2
  altitude_m: 0.0
  population: 27600.0
- id: city_dunedin_nz
  name: Dunedin
  country: New Zealand
  latitude_deg: -45.8742
  longitude_deg: 170.5036
  altitude_m: 0.0
  population: 36070.0
- id: city_invercargill_nz
  name: Invercargill
  country: New Zealand
  latitude_deg: -46.429
  longitude_deg: 168.362
  altitude_m: 0.0
  population: 47625.0
- id: city_arroyo_naranjo_cu
  name: Arroyo Naranjo
  country: Cuba
  latitude_deg: 23.0436
  longitude_deg: -82.3328
  altitude_m: 0.0
  population: 210053.0
- id: city_uruguaiana_br
  name: Uruguaiana
  country: Brazil
  latitude_deg: -29.755
  longitude_deg: -57.0878
  altitude_m: 0.0
  population: 117210.0
