- id: city_villejuif_fr
  name: Villejuif
  country: France
  latitude_deg: 48.7919
  longitude_deg: 2.3636
  altitude_m: 0.0
  population: 58142.0
- id: city_klerksdorp_za
  name: Klerksdorp
  country: South Africa
  latitude_deg: -26.8667
  longitude_deg: 26.6667
  altitude_m: 0.0
  population: 186515.0
- id: city_narela_in
  name: Narela
  country: India
  latitude_deg: 28.85
  longitude_deg: 77.1
  altitude_m: 0.0
  population: 809913.0
- id: city_zhaodong_cn
  name: Zhaodong
  country: China
  latitude_deg: 46.051
  longitude_deg: 125.962
  altitude_m: 0.0
  population: 666532.0
- id: city_aguilares_sv
  name: Aguilares
  country: El Salvador
  latitude_deg: 13.95
  longitude_deg: -89.1833
  altitude_m: 0.0
  population: 73300.0
- id: city_alexandria_us_1
  name: Alexandria
  country: United States
  latitude_deg: 31.2923
  longitude_deg: -92.4702
  altitude_m: 0.0
  population: 73457.0
- id: city_nelson_gb
  name: Nelson
  country: United Kingdom
  latitude_deg: 53.8346
  longitude_deg: -2.218
  altitude_m: 0.0
  population: 33488.0
- id: city_guaranda_ec
  name: Guaranda
  country: Ecuador
  latitude_deg: -1.6
  longitude_deg: -79.0
  altitude_m: 0.0
  population: 30755.0
- id: city_majene_id
  name: Majene
  country: Indonesia
  latitude_deg: -3.5403
  longitude_deg: 118.9707
  altitude_m: 0.0
  population: 272377.0
- id: city_ramsey_us
  name: Ramsey
  country: United States
  latitude_deg: 45.2617
  longitude_deg: -93.4494
  altitude_m: 0.0
  population: 28070.0
- id: city_pontevedra_ph_1
  name: Pontevedra
  country: Philippines
  latitude_deg: 11.48
  longitude_deg: 122.83
  altitude_m: 0.0
  population: 49725.0
